<?xml version="1.0" encoding="UTF-8"?>
<metadata xml:lang="de"><Esri><CreaDate>20181212</CreaDate><CreaTime>16090900</CreaTime><SyncOnce>TRUE</SyncOnce><DataProperties><lineage><Process ToolSource="c:\program files\arcgis\desktop10.1\ArcToolbox\Toolboxes\Spatial Analyst Tools.tbx\Viewshed" Date="20130709" Time="093159">Viewshed dgm30q3 all_single1500 D:\markus\viewshed_data\output\view15_30q3 1 FLAT_EARTH 0,13</Process></lineage><itemProps><itemLocation><linkage Sync="TRUE">file://\\WALSE\C$\Lucci\GEO_403\data\viewshed\view15_30q3</linkage><protocol Sync="TRUE">Local Area Network</protocol></itemLocation></itemProps><copyHistory><copy source="C:\Lucci\Landslide\viewshed\view15_30q3" dest="\\WALSE\C$\Lucci\GEO_403\data\viewshed\view15_30q3" date="20181212" time="16090900"></copy></copyHistory></DataProperties></Esri></metadata>
