<?xml version="1.0" encoding="UTF-8"?>
<metadata xml:lang="de"><Esri><CreaDate>20200503</CreaDate><CreaTime>12004000</CreaTime><ArcGISFormat>1.0</ArcGISFormat><SyncOnce>TRUE</SyncOnce><DataProperties><lineage><Process ToolSource="c:\program files (x86)\arcgis\desktop10.7\ArcToolbox\Toolboxes\Spatial Analyst Tools.tbx\RasterCalculator" Date="20200503" Time="120040">RasterCalculator Con("HangneigungNEU.tif"  !=  1,"403_roads.tif", 0) "C:\Users\TEST\Desktop\Svenja\Geoinformarik\Projekt Geoinformatik\Projekt Landslides\road_slope_5.tif"</Process></lineage></DataProperties></Esri></metadata>
