<?xml version="1.0" encoding="UTF-8"?>
<metadata xml:lang="de"><Esri><CreaDate>20200220</CreaDate><CreaTime>11114200</CreaTime><ArcGISFormat>1.0</ArcGISFormat><SyncOnce>TRUE</SyncOnce><DataProperties><lineage><Process ToolSource="c:\program files (x86)\arcgis\desktop10.7\ArcToolbox\Toolboxes\Spatial Analyst Tools.tbx\Reclassify" Date="20200220" Time="111142">Reclassify water_landcover_con.tif Value "0 1;1 2;2 3;3 4;4 1;5 5;6 6" F:\Geo403\Projekt_data\zugschnitten\water_landcover_con_reclass.tif DATA</Process></lineage></DataProperties></Esri></metadata>
