<?xml version="1.0" encoding="UTF-8"?>
<metadata xml:lang="de"><Esri><CreaDate>20200309</CreaDate><CreaTime>14243000</CreaTime><ArcGISFormat>1.0</ArcGISFormat><SyncOnce>TRUE</SyncOnce><DataProperties><lineage><Process ToolSource="c:\program files (x86)\arcgis\desktop10.5\ArcToolbox\Toolboxes\Spatial Analyst Tools.tbx\Reclassify" Date="20200309" Time="142430">Reclassify Plan_Curvature.tif VALUE "-5,543954 -0,050000 1;-0,050000 0,050000 2;0,050000 10,065064 3" "d:\Users\te59fex\Desktop\G403_Projekt\Karten\daten\Plan Curvature.tif" NODATA</Process></lineage></DataProperties></Esri></metadata>
