<?xml version="1.0" encoding="UTF-8"?>
<metadata xml:lang="de"><Esri><CreaDate>20200305</CreaDate><CreaTime>20594400</CreaTime><ArcGISFormat>1.0</ArcGISFormat><SyncOnce>TRUE</SyncOnce><DataProperties><lineage><Process ToolSource="c:\program files (x86)\arcgis\desktop10.7\ArcToolbox\Toolboxes\Spatial Analyst Tools.tbx\Reclassify" Date="20200305" Time="205944">Reclassify g403_aspect VALUE "-1 22,500000 1;22,500000 67,500000 2;67,500000 112,500000 3;112,500000 157,500000 4;157,500000 202,500000 5;202,500000 247,500000 6;247,500000 292,500000 7;292,500000 337,500000 8;337,500000 360 1" G:\G403_Projekt\BearbeiteteDaten\klassifiziert\g403_aspek.tif DATA</Process></lineage></DataProperties></Esri></metadata>
