<?xml version="1.0" encoding="UTF-8"?>
<metadata xml:lang="de"><Esri><CreaDate>20200306</CreaDate><CreaTime>09433700</CreaTime><ArcGISFormat>1.0</ArcGISFormat><SyncOnce>TRUE</SyncOnce><DataProperties><lineage><Process ToolSource="c:\program files (x86)\arcgis\desktop10.5\ArcToolbox\Toolboxes\Spatial Analyst Tools.tbx\Reclassify" Date="20200306" Time="094337">Reclassify water_soil_con.tif Value "0 1;2 2;3 3;4 4;5 5;6 6;10 1" F:\G403_Projekt\BearbeiteteDaten\klassifiziert\403_soil.tif DATA</Process></lineage></DataProperties></Esri></metadata>
