<?xml version="1.0" encoding="UTF-8"?>
<metadata xml:lang="de"><Esri><CreaDate>20200305</CreaDate><CreaTime>21392800</CreaTime><ArcGISFormat>1.0</ArcGISFormat><SyncOnce>TRUE</SyncOnce><DataProperties><lineage><Process ToolSource="c:\program files (x86)\arcgis\desktop10.7\ArcToolbox\Toolboxes\Spatial Analyst Tools.tbx\Reclassify" Date="20200305" Time="213928">Reclassify g403_NS_signifi.tif VALUE "-0,049355 -0,011270 1;-0,011270 0,006474 2;0,006474 0,019457 3;0,019457 0,032008 4;0,032008 0,044991 5;0,044991 0,061437 6" G:\G403_Projekt\BearbeiteteDaten\klassifiziert\403_NSsigni.tif DATA</Process></lineage></DataProperties></Esri></metadata>
