<?xml version="1.0" encoding="UTF-8"?>
<metadata xml:lang="de"><Esri><CreaDate>20200305</CreaDate><CreaTime>21363500</CreaTime><ArcGISFormat>1.0</ArcGISFormat><SyncOnce>TRUE</SyncOnce><DataProperties><lineage><Process ToolSource="c:\program files (x86)\arcgis\desktop10.7\ArcToolbox\Toolboxes\Spatial Analyst Tools.tbx\Reclassify" Date="20200305" Time="213635">Reclassify g403_NS_mean.tif VALUE "563,678406 1500 1;1500 2500 2;2500 3500 3;3500 4500 4;4500 5500 5;5500 6500 6;6500 7200 7" G:\G403_Projekt\BearbeiteteDaten\klassifiziert\g403_NSmean.tif DATA</Process></lineage></DataProperties></Esri></metadata>
