<?xml version="1.0" encoding="UTF-8"?>
<metadata xml:lang="de"><Esri><CreaDate>20200305</CreaDate><CreaTime>21433000</CreaTime><ArcGISFormat>1.0</ArcGISFormat><SyncOnce>TRUE</SyncOnce><DataProperties><lineage><Process ToolSource="c:\program files (x86)\arcgis\desktop10.7\ArcToolbox\Toolboxes\Spatial Analyst Tools.tbx\Reclassify" Date="20200305" Time="214330">Reclassify g403_NS_trend.tif VALUE "10,611784 15,944621 1;15,944621 25,970995 2;25,970995 45,102163 3;45,102163 57,275238 4;57,275238 70,800877 5;70,800877 97,175873 6" G:\G403_Projekt\BearbeiteteDaten\klassifiziert\403_NStrend.tif DATA</Process></lineage></DataProperties></Esri></metadata>
