<?xml version="1.0" encoding="UTF-8"?>
<metadata xml:lang="de"><Esri><CreaDate>20200306</CreaDate><CreaTime>10570800</CreaTime><ArcGISFormat>1.0</ArcGISFormat><SyncOnce>TRUE</SyncOnce><DataProperties><lineage><Process ToolSource="c:\program files (x86)\arcgis\desktop10.5\ArcToolbox\Toolboxes\Spatial Analyst Tools.tbx\Reclassify" Date="20200306" Time="105708">Reclassify g403_slope VALUE "0 10 1;10 20 2;20 30 3;30 45 4;45 67,502090 5" F:\G403_Projekt\BearbeiteteDaten\klassifiziert\403_slope.tif DATA</Process></lineage></DataProperties></Esri></metadata>
