<?xml version="1.0" encoding="UTF-8"?>
<metadata xml:lang="de"><Esri><CreaDate>20200430</CreaDate><CreaTime>11021800</CreaTime><ArcGISFormat>1.0</ArcGISFormat><SyncOnce>TRUE</SyncOnce><DataProperties><lineage><Process ToolSource="c:\program files (x86)\arcgis\desktop10.7\ArcToolbox\Toolboxes\Spatial Analyst Tools.tbx\RasterCalculator" Date="20200430" Time="110218">RasterCalculator Con(IsNull("nur_wasser.tif"),"wasser_buffer_reclass2.tif") F:\Geo403\Projekt_data\zugschnitten\403_water.tif</Process></lineage></DataProperties></Esri></metadata>
