<?xml version="1.0" encoding="UTF-8"?>
<metadata xml:lang="de"><Esri><CreaDate>20180928</CreaDate><CreaTime>17094400</CreaTime><ArcGISFormat>1.0</ArcGISFormat><SyncOnce>TRUE</SyncOnce><DataProperties><lineage><Process ToolSource="c:\program files\arcgis\desktop10.0\ArcToolbox\Toolboxes\Conversion Tools.tbx\PolygonToRaster" Date="20130718" Time="094158">PolygonToRaster slides_train_80 ID D:\Lucci\Landslide\slide\raster\sli_train_80 CELL_CENTER NONE 30</Process></lineage><itemProps><itemLocation><linkage Sync="TRUE">file://\\WALSE\C$\Lucci\GEO_403\data\landslides\sli_train_80</linkage><protocol Sync="TRUE">Local Area Network</protocol></itemLocation></itemProps><copyHistory><copy source="C:\Lucci\Landslide\slide\raster\sli_train_80" dest="\\WALSE\C$\Lucci\GEO_403\data\landslides\sli_train_80" date="20180928" time="17094400"></copy></copyHistory></DataProperties></Esri></metadata>
